longitude,latitude,FIRE_DATE,FIRE_CAUSE,FIRE_SIZE_HECTARES,FIRE_YEAR
-123.1586727615431,51.99618096008194,2012-04-09,Person,1.4,2012
-123.15869268706169,51.99304144028604,2012-04-24,Person,0.2,2012
-123.9277203039502,52.14424605787368,2012-05-03,Person,8.9,2012
-123.16283907550365,52.00032373905073,2012-05-05,Person,2.5,2012
-123.18876060077768,52.03128342829964,2012-05-05,Person,2.9,2012
-123.64397738033462,52.0285436775949,2012-05-12,Person,45.7,2012
-123.17733109210378,52.022275830279256,2012-05-12,Person,2.8,2012
-123.84177303811506,51.481750909513735,2012-05-13,Person,9.1,2012
-123.23162870966539,51.966681854096635,2012-05-13,Person,1.3,2012
-123.85744264180701,52.14820005843606,2012-07-14,Lightning,10.0,2012
-123.57966218251457,51.99523213937077,2012-07-14,Lightning,3.7,2012
-122.7828033541975,51.818668955689986,2012-08-05,Lightning,4.6,2012
-124.44316429488615,52.74401512936326,2012-07-14,Lightning,12.9,2012
-123.0475227035109,52.68476938581035,2012-07-01,Lightning,2.7,2012
-125.27089449859182,52.981140907929316,2012-07-27,Lightning,1.0,2012
-122.97266352425686,53.088811544033014,2012-10-13,Person,8.0,2012
-121.90614078663465,52.13379626205282,2012-04-07,Person,5.8,2012
-121.99681936146149,52.0997987575648,2012-04-14,Person,26.2,2012
-121.99908051456042,52.109031577796294,2012-04-25,Person,6.9,2012
-122.6761497861506,51.92376843741657,2012-05-25,Lightning,79.9,2012
-121.84821544159837,51.81651713777646,2012-07-18,Lightning,271.2,2012
-121.84821544159837,51.81651713777646,2012-07-18,Lightning,271.2,2012
-122.31133970891156,52.15096372320983,2012-07-18,Lightning,5.8,2012
-122.45859571522546,51.914995710543906,2012-08-25,Person,2.5,2012
-122.7582197510677,51.77094771153054,2012-08-30,Lightning,2.0,2012
-121.37137956228877,51.49761572551042,2012-05-06,Person,1.8,2012
-121.93980118031537,51.16005966644243,2012-05-13,Person,3.7,2012
-121.85901442272419,51.57753039636592,2012-07-09,Lightning,11.8,2012
-121.34547029329856,51.07607363301544,2012-07-09,Lightning,2.6,2012
-121.93344154349695,51.464297421705325,2012-07-15,Lightning,2.2,2012
-121.46858690997446,51.21365519537309,2012-07-15,Lightning,1.7,2012
-121.06427927127415,51.205052180336665,2012-08-06,Lightning,0.6,2012
-122.07201719633132,51.21656201310498,2012-08-21,Person,404.6,2012
-120.88964363892673,51.15755665814585,2012-05-22,Person,0.1,2012
-123.20119495736708,52.03976649029857,2012-04-06,Person,1.1,2012
-125.4729051356944,52.98174587422029,2014-08-05,Lightning,17.1,2014
-125.01093489309457,52.892091970911075,2014-10-10,Person,8.6,2014
-124.23310225956453,53.114961069923204,2014-07-08,Lightning,21089.6,2014
-122.74538678823171,52.842944438256524,2014-10-12,Person,15.6,2014
-122.51029994891326,51.93979353018629,2014-04-09,Person,2.5,2014
-122.15425414939968,52.12549974883288,2014-04-12,Person,1.7,2014
-122.00078266772717,52.11340590547145,2014-04-13,Person,14.9,2014
-122.11729743011321,52.26584048746879,2014-04-30,Person,5.5,2014
-122.34211917138218,52.362454767009964,2014-07-13,Person,127.2,2014
-123.0824277005948,52.46108642701387,2014-08-07,Person,1.5,2014
-122.30486830856188,51.585156889550724,2014-08-15,Lightning,15.3,2014
-121.03737710656088,52.711033422349395,2014-07-02,Lightning,452.6,2014
-120.37023317522907,52.5619418384454,2014-08-15,Lightning,5.0,2014
-121.57360889824643,51.190910725342135,2014-04-28,Person,9.8,2014
-121.05061560574896,51.762757811208054,2014-04-30,Person,7.9,2014
-121.65419875846159,51.57887790910802,2014-08-15,Lightning,1.8,2014
-120.52539948254443,51.509984144960676,2014-10-21,Person,1.8,2014
-123.14645021538277,51.98629143426692,2014-04-04,Person,8.0,2014
-123.0766023579835,51.94536570423502,2014-04-07,Person,4.2,2014
-123.9498701580509,52.14514758742601,2014-04-10,Person,6.4,2014
-123.18382690344544,52.013074277263726,2014-04-10,Person,85.1,2014
-123.40236879910483,52.10292846186337,2014-04-12,Person,14.5,2014
-123.18449324607289,52.03285615879018,2014-04-13,Person,11.1,2014
-123.22979381737696,52.06333332599402,2014-04-17,Person,11.7,2014
-123.07793668326396,51.924687990912545,2014-04-20,Person,1.0,2014
-123.17856417136998,52.019683886258136,2014-04-23,Person,1.1,2014
-123.27694093753671,52.09120633150196,2014-04-29,Person,35.2,2014
-125.28270564162064,52.456788687972406,2014-05-01,Person,46.0,2014
-123.06857492969705,51.88001658088578,2014-05-02,Person,8.9,2014
-123.12459323439327,51.919655549829926,2014-05-08,Person,1.3,2014
-123.97048599661952,52.14085194608048,2014-05-16,Person,1.7,2014
-123.26601439405648,52.13366803348009,2014-07-16,Person,5.7,2014
-124.4177421333123,52.695302380182724,2014-08-02,Lightning,7.5,2014
-124.37244217423152,51.75939648674367,2014-08-03,Lightning,0.5,2014
-124.52631315917037,52.16235290383591,2014-08-02,Lightning,1.2,2014
-124.77993504189118,51.95928039269101,2014-08-03,Lightning,18.6,2014
-123.609693835965,52.111265445318566,2014-08-11,Person,947.8,2014
-124.57156818141118,52.231312637682,2014-08-02,Lightning,44.6,2014
-124.26223151018505,52.71445892247711,2014-08-15,Lightning,471.1,2014
-125.6343942680536,52.88037718741086,2014-08-16,Person,4.9,2014
-123.55312942989258,52.06596459132926,2014-09-08,Person,1.5,2014
-123.18586445498428,52.029368869582434,2014-09-14,Person,1.1,2014
-123.18668431638913,52.03242037082565,2014-09-21,Person,1.6,2014
-124.06422314161425,51.43256649560756,2014-10-06,Person,12.1,2014
-120.24052405363489,52.619941226565196,2013-08-11,Lightning,71.7,2013
-123.13195661365445,52.000946392363595,2014-10-17,Person,8.7,2014
-123.15204227636508,51.99415681757026,2014-10-13,Person,1.0,2014
-123.16868192591896,52.011463890086205,2014-10-18,Person,6.4,2014
-123.17638115711549,52.02300057802619,2015-03-29,Person,3.4,2014
-121.04899700400752,52.96709904171703,2014-07-02,Lightning,9.9,2014
-120.91453978783106,53.16861074531034,2014-07-03,Lightning,28.9,2014
-123.7073422983961,52.83132983552744,2014-07-23,Lightning,6.7,2014
-122.96802112731521,52.71994511361726,2014-08-04,Lightning,31.0,2014
-121.75206337489902,51.920842530773974,2013-07-09,Person,0.2,2013
-122.57221882426683,51.60948084218328,2013-08-02,Lightning,1.8,2013
-122.36432809097725,52.09424235568698,2013-08-04,Lightning,11.1,2013
-122.8644311702538,51.72510647919473,2013-08-10,Lightning,1.1,2013
-122.58286422004679,51.766302406864526,2013-08-11,Lightning,9.0,2013
-122.28987341240162,52.41875368241663,2013-08-14,Person,1.3,2013
-123.20362169314086,51.69585578946999,2013-09-03,Lightning,2.4,2013
-121.85151259524933,52.04525693036434,2013-09-02,Lightning,6.0,2013
-121.22033531495725,52.59216628050717,2013-07-01,Lightning,0.3,2013
-120.79594926653728,52.166348070119824,2013-08-02,Lightning,2.0,2013
-122.03302821694186,52.647852403067496,2013-08-02,Lightning,0.5,2013
-120.4450398900431,52.805810822723004,2013-08-03,Lightning,43.7,2013
-121.14756435046196,52.37170430506851,2013-08-01,Lightning,4.2,2013
-120.26094616558775,52.6238876723418,2013-08-11,Lightning,3.1,2013
-121.99804496921362,51.424747683740904,2013-04-27,Person,13.3,2013
-121.73925531859999,51.90975948233376,2013-07-09,Person,0.0,2013
-121.69222459684092,51.89248564352384,2013-07-09,Person,0.1,2013
-122.16483371709688,51.41496768165156,2013-08-03,Lightning,2.2,2013
-121.05389542211503,51.184539360621585,2013-08-03,Lightning,5.6,2013
-121.35009291138105,51.24360025370888,2013-08-03,Lightning,12.8,2013
-121.48893762167674,51.434223448977114,2013-08-10,Lightning,1.0,2013
-121.93570613645845,51.54844458284734,2013-08-10,Lightning,2.0,2013
-121.96556433623599,51.60680868802478,2013-08-12,Lightning,6.3,2013
-121.16481088721383,51.507229319131504,2013-09-13,Person,0.4,2013
-123.97235740513564,52.13345718496834,2013-04-03,Person,32.2,2013
-123.2264412507175,52.11358132009411,2013-04-15,Person,9.3,2013
-123.13647828322323,51.95231620930867,2013-04-17,Person,1.5,2013
-124.07469543922657,51.41456459648413,2013-04-23,Person,4.4,2013
-123.15734416176005,52.001443408360856,2013-04-26,Person,6.5,2013
-123.15054443270175,51.99792547698935,2013-04-26,Person,4.0,2013
-125.30382843216836,52.30574917200214,2013-05-01,Person,2.3,2013
-124.2002451460512,51.72539240154027,2013-05-03,Person,156.9,2013
-125.28286459340153,52.45793516795451,2013-05-08,Person,1.3,2013
-123.1438109675158,52.00349718392213,2013-05-11,Person,1.1,2013
-123.54687124609455,51.67439507277506,2013-07-01,Person,3.6,2013
-125.48306146459178,52.488700275140395,2013-08-01,Lightning,2.3,2013
-125.18626249901186,51.93294828073657,2013-08-03,Lightning,1.3,2013
-125.07931176756644,52.70976723918746,2013-07-31,Lightning,1208.0,2013
-125.07931176756644,52.70976723918746,2013-07-31,Lightning,1208.0,2013
-123.0337009108833,51.962340795549856,2013-08-11,Lightning,1.0,2013
-123.09649944282441,51.947716516791814,2013-08-11,Lightning,1.6,2013
-124.1326948468626,51.3006113888121,2013-08-12,Lightning,122.0,2013
-125.21459857286494,51.9500213693231,2013-08-12,Lightning,1.4,2013
-125.39599440770404,52.43555983851409,2013-10-24,Person,4.9,2013
-123.62277370017212,52.996809251042556,2013-04-23,Person,15.5,2013
-122.47631623513178,52.81942462484578,2013-05-04,Person,0.9,2013
-122.4638307008945,52.82135097180716,2013-05-04,Person,0.1,2013
-121.56536172051185,52.87197526702565,2013-06-21,Lightning,3.8,2013
-123.94538805105576,53.037881594094735,2013-07-22,Person,3.1,2013
-122.32048121655713,52.57296571059986,2013-07-31,Person,1.3,2013
-122.2659820827332,52.58945138769889,2013-08-01,Lightning,0.7,2013
-123.89943193986281,53.38791269560753,2013-08-01,Lightning,3.2,2013
-121.82761751529738,53.16544912153612,2013-08-02,Lightning,5.1,2013
-120.86771915054986,53.13091778504533,2013-08-03,Lightning,49.4,2013
-123.1602879064636,53.04495918128625,2013-08-10,Lightning,3.6,2013
-121.22450815430508,52.90691789805123,2013-08-12,Lightning,2.6,2013
-122.57371483503721,52.504693850245516,2013-08-12,Lightning,0.0,2013
-121.69585670657303,53.08109347712673,2013-08-12,Lightning,16.8,2013
-121.18623243108729,53.2724596480395,2013-08-12,Lightning,3.1,2013
-123.40841521129886,53.23890937417765,2013-08-11,Lightning,0.4,2013
-123.4084151975122,53.23890937078963,2013-08-11,Lightning,0.4,2013
-122.95179862408628,52.777154759895204,2013-08-18,Lightning,2.3,2013
-123.79002635157521,53.40234886933854,2013-09-07,Lightning,1.0,2013
-121.7344236128576,52.89354466864613,2013-10-18,Person,3.2,2013
-122.54107119891103,51.91945419400739,2013-04-22,Person,209.2,2013
-122.00195847731098,52.096574584351266,2013-04-20,Person,36.9,2013
-122.63194660243141,51.9836653846172,2013-04-22,Person,1.7,2013
-122.468581790558,51.9986059862841,2013-04-25,Person,698.1,2013
-122.291263384185,51.65738854808004,2013-04-27,Person,3.4,2013
-122.6124630797745,51.98113197384712,2013-04-28,Person,3.5,2013
-122.60043807883541,51.84086758853998,2016-08-02,Lightning,8.5,2016
-121.99737004273793,52.11022371745669,2017-03-26,Person,5.3,2016
-121.23706987864136,51.21787670878232,2016-04-11,Person,35.7,2016
-122.50698986621525,52.642268774240534,2016-03-31,Person,1.0,2016
-122.48278687703304,52.559704283343905,2016-04-02,Person,11.4,2016
-123.56711734297551,52.979554190241174,2016-02-21,Person,395.1,2016
-123.80805057508665,53.31922103450348,2016-05-05,Person,0.3,2016
-125.28649857103777,52.458111987407406,2016-04-07,Person,18.2,2016
-123.10072027087337,51.91413720497385,2016-04-08,Person,1.0,2016
-123.80290065618657,51.48155223350917,2016-04-08,Person,5.5,2016
-123.7142547995508,52.248134771746535,2016-04-08,Person,11.8,2016
-123.92389128816791,52.14631032264648,2016-04-09,Person,2.5,2016
-125.40283638357477,52.46503909903155,2016-04-10,Person,21.6,2016
-120.73356074602316,53.04775967346899,2016-06-02,Lightning,18.7,2016
-123.0208245563065,51.59551917549471,2016-04-05,Person,17.1,2016
-121.81205624648445,52.02128083985651,2016-04-09,Person,4.6,2016
-122.7502247056051,51.190898095331775,2016-04-18,Person,1.3,2016
-122.31027745329881,51.91416280020165,2016-07-27,Person,11.9,2016
-125.4259428013404,52.45564736082131,2016-04-10,Person,3.6,2016
-123.3158648624148,51.78319008278001,2016-02-01,Person,1.7,2016
-125.33353267597664,52.47050846674974,2016-04-20,Person,6.7,2016
-123.965500459675,52.268482538233805,2016-05-16,Lightning,199.1,2016
-124.9803859430561,52.021624197372184,2015-04-27,Person,1.2,2015
-124.06327758693737,52.138323013571764,2015-04-29,Person,2.4,2015
-123.43507475496375,52.1121747189563,2015-05-03,Person,1.0,2015
-123.4395008267705,52.113882715536064,2015-05-03,Person,22.6,2015
-123.16185924593412,52.011385898604026,2015-05-07,Person,4.7,2015
-125.48921743230521,52.583849379567305,2015-05-15,Lightning,2.9,2015
-124.3261593726894,52.33069128600531,2015-05-16,Person,11.1,2015
-124.08036786222972,52.29676385214549,2015-05-18,Lightning,1.4,2015
-123.7212399707718,52.10019419324867,2015-06-30,Lightning,3.0,2015
-123.35933216911604,52.16611226657989,2015-06-29,Lightning,2.4,2015
-124.01646943208507,52.233361722881725,2015-07-08,Person,8078.2,2015
-124.44640631016088,51.94112394214545,2015-08-05,Lightning,1.8,2015
-123.97213653882514,51.756663446201614,2015-08-15,Lightning,1.1,2015
-124.02559183642582,51.75242612934999,2015-08-14,Lightning,7.7,2015
-124.03266728042365,51.0546640023776,2015-08-15,Lightning,377.0,2015
-123.20260472637034,51.73122738607323,2015-08-25,Person,11.8,2015
-123.17597852848104,52.03386888700028,2016-03-30,Person,2.5,2015
-122.63477844635739,52.48382104289386,2015-04-16,Person,2.6,2015
-123.5075905819796,53.35691385322941,2015-05-04,Lightning,164.2,2015
-123.03619711476053,52.80573967783113,2015-07-24,Lightning,1.0,2015
-122.45487429551227,52.66819299058011,2016-03-26,Person,2.4,2015
-122.45683063758956,51.90071963629585,2015-04-06,Person,37.9,2015
-122.48439036597414,51.90275934534602,2015-04-06,Person,2.4,2015
-122.49943559408604,51.85107027977193,2015-04-08,Person,349.7,2015
-122.50754029652443,51.93228410847104,2015-06-11,Person,2.0,2015
-122.3935245691354,51.8407420932939,2015-06-29,Lightning,24.6,2015
-122.6769616969565,51.89283247893776,2015-06-30,Lightning,636.9,2015
-122.92507618835455,51.93925829504812,2015-08-04,Lightning,1.2,2015
-122.48248001667308,52.01178575520269,2015-08-19,Person,33.3,2015
-121.99194309195259,52.10020227979467,2016-03-19,Person,5.0,2015
-121.99954719358843,52.10169660551766,2016-03-24,Person,13.0,2015
-121.51224550974959,52.27210571238303,2015-05-23,Lightning,3.2,2015
-120.82352604601137,52.434918238883,2015-06-29,Lightning,2.2,2015
-120.88777049837682,52.454229477265535,2015-08-29,Person,1.4,2015
-121.870126432249,51.39559974341668,2015-04-08,Person,7.5,2015
-122.06614211379646,51.431850554661075,2015-04-11,Person,3.7,2015
-121.9663110127317,51.25502051743623,2015-04-11,Person,1.8,2015
-121.04066385410748,51.278142919498464,2015-05-19,Lightning,1.3,2015
-121.03321787576374,51.267554103639085,2015-05-26,Lightning,3.8,2015
-121.44914718317834,51.198259655828934,2015-06-30,Lightning,0.8,2015
-121.64232924829811,51.50347935215445,2015-07-07,Person,0.9,2015
-121.98065831990722,51.414556420427594,2016-03-21,Person,2.4,2015
-123.26036253415315,52.073607335014316,2015-04-08,Person,2.1,2015
-123.18528608781574,52.036515955131364,2015-04-09,Person,9.3,2015
-123.15833130735557,52.01031531874087,2015-04-15,Person,7.7,2015
-123.2268751768984,52.110079807637575,2015-04-15,Person,29.7,2015
-123.15759069943195,51.99322028637989,2015-04-16,Person,5.7,2015
-123.11878301259861,51.92376397973007,2015-04-20,Person,1.3,2015
-120.46930574814472,52.88903484468447,2018-07-30,Lightning,4.7,2018
-121.62198214776369,52.82875761431693,2018-07-30,Lightning,6.2,2018
-121.62198214776369,52.82875761431693,2018-07-30,Lightning,6.2,2018
-120.48636581657904,52.69198052299218,2018-07-31,Lightning,4.0,2018
-120.5172861151398,52.7062513383449,2018-07-31,Lightning,0.9,2018
-121.52922126811465,52.23222054736613,2018-08-02,Lightning,0.3,2018
-121.21454184528068,52.22154605614262,2018-07-31,Lightning,36.7,2018
-121.09876359839186,52.56496539769582,2018-07-31,Lightning,2.4,2018
-120.7147493223706,52.66641001752689,2018-07-31,Lightning,697.2,2018
-121.0851344534571,52.60290858775921,2018-07-31,Lightning,25.1,2018
-121.25133747851362,51.668412032747575,2018-04-23,Person,4.0,2018
-120.89799876010034,51.10164541915986,2018-05-08,Lightning,1.5,2018
-121.38010193912574,52.01327095546722,2018-06-20,Lightning,21.2,2018
-121.7398927891999,51.915632996219784,2018-07-25,Person,1.8,2018
-121.86450803746777,51.438196070387605,2018-07-31,Lightning,6841.2,2018
-121.67779287944361,51.5761299479755,2018-07-31,Lightning,1.7,2018
-120.68546022448648,52.03614637045653,2018-07-31,Lightning,325.8,2018
-120.66279378786848,52.06722303596985,2018-07-31,Lightning,168.3,2018
-120.63122406205294,52.11727395879521,2018-07-31,Lightning,25.9,2018
-121.0923222323183,51.95616100964742,2018-07-31,Lightning,11.9,2018
-125.51755479562112,52.14958557791173,2018-06-22,Person,91.4,2018
-123.46885002195904,52.19015211514376,2018-07-17,Lightning,55.2,2018
-124.76351646343164,52.55952511212369,2018-07-31,Lightning,52.0,2018
-123.6525413023585,52.382505879677836,2018-08-01,Lightning,3.9,2018
-120.93693725133649,51.92836482519989,2018-07-31,Lightning,587.7,2018
-121.61636406283947,51.61559469433408,2018-07-31,Lightning,1.0,2018
-120.24793502470288,51.999798232447894,2018-07-31,Lightning,92.5,2018
-121.67405341572535,51.57574387551883,2018-07-31,Lightning,1.4,2018
-121.06040171665686,51.9897510566167,2018-07-31,Lightning,346.4,2018
-120.80515580848638,51.798645340304276,2018-07-31,Lightning,14.5,2018
-120.83217461417206,52.05674423989374,2018-08-01,Lightning,111.2,2018
-124.61539515232451,52.09714384817535,2018-08-01,Lightning,122.6,2018
-123.44822324295332,52.009888560774115,2018-08-02,Lightning,4.6,2018
-125.73043769939422,52.39503114448706,2017-07-07,Lightning,7366.7,2017
-121.68176359375768,51.65615155531317,2018-08-01,Lightning,1.1,2018
-121.29059884626933,51.2649739849076,2018-08-01,Lightning,646.3,2018
-120.85682244607297,51.27438885214243,2018-08-01,Lightning,243.8,2018
-120.46030644300706,52.114080076106596,2018-07-31,Lightning,51.1,2018
-120.42169964948306,52.08109784732447,2018-07-31,Lightning,597.0,2018
-121.10595931157918,51.68043994540989,2018-07-31,Lightning,15.7,2018
-122.48093671138011,52.9156834131041,2017-10-30,Person,8.9,2018
-123.54888220161446,52.863977057516635,2018-06-20,Lightning,42.9,2018
-121.65358397722284,52.92492162647695,2018-06-19,Lightning,9.4,2018
-124.27936301961266,53.42290280647491,2018-06-20,Lightning,143.9,2018
-120.69286296852978,52.155808671399996,2018-08-11,Lightning,367.2,2018
-120.57424618410627,51.62966727107556,2018-10-16,Person,9.7,2018
-123.16015168150689,51.99894880572809,2018-04-24,Person,0.8,2018
-123.18377241445782,52.03207422763698,2018-04-25,Person,2.7,2018
-122.71997830867811,52.72727503958064,2018-07-19,Lightning,5.0,2018
-121.64963093120923,52.81623266340405,2018-07-22,Lightning,79.7,2018
-125.10990879818138,52.93159119039963,2018-08-01,Lightning,12320.6,2018
-121.91555932591113,53.180638360711335,2018-07-31,Lightning,13.6,2018
-123.78816286968197,53.14307036035663,2018-08-01,Lightning,13433.1,2018
-122.77807204964697,52.800794217446914,2018-08-07,Lightning,4636.0,2018
-123.49932634051748,53.144931226823964,2018-08-08,Lightning,8277.5,2018
-121.75658784256848,53.18613451875193,2018-07-31,Lightning,123.4,2018
-124.26747273244924,52.34140055134524,2018-08-01,Lightning,4.9,2018
-125.52480750803257,51.987400470171266,2018-08-14,Lightning,1136.2,2018
-123.57269103119685,52.18062750094043,2018-08-14,Lightning,113.6,2018
-123.35383774563624,52.04191179392131,2018-08-11,Lightning,20.4,2018
-124.87468600851666,51.3201629203667,2018-08-15,Lightning,284.9,2018
-121.7442414016282,53.197025440944074,2018-07-31,Lightning,162.0,2018
-124.42123951722198,52.76252647225405,2018-08-12,Lightning,10541.9,2018
-124.42123951722198,52.76252647225405,2018-08-12,Lightning,10541.9,2018
-123.17527182897267,53.28695602788194,2018-07-30,Lightning,3.8,2018
-123.128311010616,53.248980838217136,2018-10-12,Person,14.5,2018
-122.11100402932283,51.79643588400754,2018-06-20,Lightning,1.2,2018
-121.86247250452415,51.927890140677036,2018-07-17,Lightning,1.2,2018
-122.42567125958146,51.78334914869024,2018-07-30,Lightning,192.5,2018
-122.42497604870141,51.83678570807716,2018-08-01,Lightning,6.7,2018
-123.01450032288282,52.35682961953541,2018-08-01,Lightning,8.4,2018
-121.74934922528246,52.05624611537345,2018-08-02,Lightning,7.0,2018
-122.20873583698781,51.87967571522101,2018-08-02,Lightning,372.4,2018
-123.07058801763444,51.64227800479011,2018-09-10,Person,2.0,2018
-121.05011829674532,52.60703158115935,2018-07-17,Lightning,25.1,2018
-120.85541887850815,52.26189748067729,2018-07-07,Lightning,1.9,2018
-121.93234173367172,52.652434460229024,2018-07-30,Lightning,14.7,2018
-120.46459512742607,52.889734668506854,2018-07-30,Lightning,2.0,2018
-120.4742750638133,52.512272577936606,2017-07-20,Lightning,891.8,2017
-121.11099353439768,52.40803831996746,2018-07-31,Lightning,1141.5,2018
-120.945964839039,52.47606129652989,2018-07-31,Lightning,7.2,2018
-120.83881515970252,52.49261193394264,2018-07-19,Lightning,540.7,2018
-120.75128023829859,52.4940552682151,2018-07-22,Lightning,255.1,2018
-120.62501201217731,52.54501421018487,2018-07-22,Lightning,204.9,2018
-120.32182968398651,52.599287455683005,2018-07-31,Lightning,0.8,2018
-120.33640967239262,52.63347540000445,2018-07-31,Lightning,4.7,2018
-120.29144850479696,52.615642558182984,2018-07-31,Lightning,4.2,2018
-121.21059654692306,51.10876418488739,2017-07-06,Person,192016.5,2017
-122.50178438664047,52.56334746892222,2017-05-07,Person,5.5,2017
-123.02310182709417,53.16473524956325,2017-05-31,Lightning,132.2,2017
-124.01679418783402,53.32217603289407,2017-06-11,Lightning,0.4,2017
-122.28793951546433,52.805104461483694,2017-07-07,Lightning,595.2,2017
-122.47679614668601,52.67163709819864,2017-07-07,Lightning,127.2,2017
-122.54794652150426,52.45781353789921,2017-07-07,Lightning,5648.3,2017
-121.87322322848001,52.93904371812551,2017-07-07,Lightning,97.3,2017
-123.7487798703127,52.67126385022228,2017-07-07,Lightning,520885.2,2017
-123.7487798703127,52.67126385022228,2017-07-07,Lightning,520885.2,2017
-123.7487798703127,52.67126385022228,2017-07-07,Lightning,520885.2,2017
-120.84938368142409,53.124128343913135,2017-07-07,Lightning,588.7,2017
-121.64552305530205,52.79295503156023,2017-07-07,Lightning,4.2,2017
-123.95054675774631,53.17856631606232,2017-07-07,Lightning,259.9,2017
-124.09692634786951,53.23492706713034,2017-07-10,Lightning,21870.4,2017
-120.81323706174747,53.14716601896103,2017-07-07,Lightning,226.3,2017
-124.1861771563852,53.086259421500166,2017-07-17,Lightning,1.7,2017
-124.69739553352298,52.753225136677905,2017-07-19,Lightning,1.9,2017
-121.60522330228405,52.75764174356617,2017-07-07,Lightning,17.7,2017
-121.60522330228405,52.75764174356617,2017-07-07,Lightning,17.7,2017
-122.33094431546995,51.56151641443582,2017-05-31,Person,4.1,2017
-122.07928424284997,52.05238246351688,2017-06-22,Person,0.1,2017
-121.99421701125465,51.74073169805121,2017-06-16,Lightning,25.9,2017
-122.8910959664556,52.010363550257516,2017-06-26,Person,41.6,2017
-121.91784001348823,52.06600451063188,2017-06-30,Person,0.9,2017
-121.75519322498313,52.169730151548336,2017-07-07,Person,3387.4,2017
-122.01251543666343,52.20610241773435,2017-07-07,Lightning,12723.0,2017
-122.31226019575185,52.21546861487782,2017-07-07,Lightning,13211.7,2017
-122.23209040590612,52.29564920343615,2017-07-07,Lightning,278.3,2017
-121.97144629232137,52.35027484869444,2017-07-07,Lightning,14.0,2017
-121.87398723008272,52.46979641407304,2017-07-07,Lightning,0.1,2017
-121.87191462414586,52.46402443985997,2017-07-07,Lightning,0.0,2017
-121.83709196285918,52.433326697850156,2017-07-07,Lightning,3.0,2017
-121.80451286341685,52.41441521604414,2017-07-07,Lightning,1.8,2017
-121.78464261585151,52.40467246374992,2017-07-07,Lightning,27.4,2017
-122.15748525464102,51.529601921382834,2017-07-20,Lightning,2.0,2017
-121.73081946380442,52.45127432125654,2017-07-08,Lightning,859.3,2017
-121.80090627114627,52.44870721446971,2017-07-07,Lightning,78.4,2017
-121.77462062044022,52.44781140285472,2017-07-07,Lightning,46.7,2017
-121.76141710260293,52.437973447168524,2017-07-07,Lightning,81.2,2017
-121.75860512113705,52.47973224509995,2017-07-07,Lightning,1.4,2017
-121.75888680201615,52.52503076193675,2017-07-07,Lightning,121.2,2017
-121.73054783883885,52.506982031784865,2017-07-07,Lightning,48.3,2017
-121.5461636179882,52.40900161510419,2017-07-06,Lightning,196.5,2017
-121.33942077262577,52.61674613023809,2017-07-11,Lightning,640.5,2017
-121.57262521538782,52.88763468480721,2017-07-07,Lightning,1711.6,2017
-121.57262521538782,52.88763468480721,2017-07-07,Lightning,1711.6,2017
-121.05235227325696,52.58454913507118,2017-07-17,Lightning,577.0,2017
-121.04528982814269,52.79027543560256,2017-07-17,Lightning,1375.7,2017
-121.18381454287953,52.65594075290548,2017-07-18,Lightning,4831.2,2017
-120.72817205644724,52.80167261799085,2017-07-23,Lightning,872.7,2017
-121.20924785235925,52.5600904064791,2017-07-25,Lightning,1247.8,2017
-121.62447111310301,52.1578720794259,2017-07-29,Person,1.9,2017
-120.54817411305002,52.62380725113096,2017-07-31,Lightning,1725.4,2017
-121.17474997195441,52.79134072597336,2017-08-13,Lightning,5.9,2017
-120.71625574965427,52.668072470718585,2017-08-20,Lightning,561.0,2017
-120.2871949332432,52.64683035358146,2017-07-20,Lightning,14.6,2017
-121.16046480468363,52.735478046026,2017-07-16,Lightning,14.3,2017
-121.83481586088676,51.756861159511644,2017-06-16,Lightning,27.4,2017
-121.83481586088676,51.756861159511644,2017-06-16,Lightning,27.4,2017
-121.39188024051364,51.68345103667504,2017-07-06,Person,5710.8,2017
-121.65945402575078,51.40592042752117,2017-07-19,Lightning,1.4,2017
-120.43468502021821,52.02058036504026,2017-07-20,Lightning,1.1,2017
-124.9068363708697,51.36997262235152,2016-07-16,Lightning,28.7,2016
-123.13370986024755,51.948754017006856,2017-03-23,Person,0.6,2016
-120.8954052565735,51.75540779459463,2017-08-12,Lightning,195.4,2017
-120.91668801210531,51.826919945886445,2017-08-12,Lightning,29.6,2017
-122.07483839287713,51.4391908638023,2017-08-27,Person,4.0,2017
-123.1584504921349,51.99617961247825,2017-04-03,Person,1.2,2017
-123.2568269499279,52.09066954889433,2017-04-04,Person,1.9,2017
-123.16358832447727,52.011496381802964,2017-04-09,Person,0.4,2017
-123.40386033390364,52.10023130903147,2017-04-11,Person,0.8,2017
-123.15917637396755,51.98943883816961,2017-04-21,Person,7.4,2017
-123.2623273256898,52.076214138751354,2017-04-30,Person,0.7,2017
-123.15653083163558,52.02400650567443,2017-06-05,Person,2.1,2017
-124.92150763540103,51.940028246032995,2017-06-25,Person,3.3,2017
-122.93985151970013,51.91220919366208,2017-07-07,Lightning,239339.6,2017
-122.93985151970013,51.91220919366208,2017-07-07,Lightning,239339.6,2017
-125.02221079080644,51.918233133804385,2017-07-07,Lightning,24957.0,2017
-124.71159973447912,52.39732736639413,2017-07-07,Lightning,92.3,2017
-123.66951784139188,51.61005926670112,2017-08-03,Lightning,25.5,2017
-123.66750470492512,53.424233470001155,2017-07-08,Lightning,6.4,2017
-126.08045243480895,52.778977613836055,2018-07-31,Lightning,44816.8,2018
-124.20528218914042,53.4002444512757,2019-04-21,Person,84.5,2019
-124.15209615701752,53.372316948946526,2019-04-21,Person,3.0,2019
-124.01596382670017,53.19052710215827,2019-04-22,Person,12.7,2019
-125.17220138448103,52.97451261882352,2019-05-08,Person,73.1,2019
-123.57268280678166,52.93266544949164,2019-05-09,Person,3.7,2019
-122.2810338954008,52.38467591206857,2019-04-05,Person,7.3,2019
-122.80540924375858,52.36371205103966,2019-08-15,Person,1.2,2019
-120.88459554079718,51.574908164720526,2019-05-08,Person,2.0,2019
-120.5188416174233,51.46976926621267,2019-05-30,Lightning,1.1,2019
-121.58948193510342,51.53744189323614,2019-06-15,Lightning,1.7,2019
-120.92427027240814,51.71938803974854,2019-06-18,Lightning,4.2,2019
-125.72898670153839,51.9548329157749,2018-07-04,Lightning,12313.0,2018
-125.47581730294463,51.77941252475282,2018-08-01,Lightning,19050.2,2018
-120.81181371715704,51.17721393462103,2018-05-23,Person,2465.1,2018
-120.29124519716007,51.95791162399817,2018-08-05,Lightning,1044.3,2018
-124.40123209136199,53.36032871813357,2018-07-30,Person,20759.6,2018
-124.97812395104307,51.40614102319946,2018-08-15,Lightning,747.2,2018
-123.94289905612563,53.42792971221705,2018-06-21,Lightning,2245.2,2018
-120.77498987896251,51.05368943418793,2021-06-28,Person,89626.7,2021
-121.42690130508221,51.24943083303435,2021-07-12,Lightning,454.3,2021
-120.9640251378245,51.91040651861986,2021-07-11,Lightning,1.5,2021
-123.13306049845623,51.94958198062319,2021-04-02,Person,6.4,2021
-120.23639187416043,52.009324966631084,2021-07-01,Lightning,111.8,2021
-123.10969447456158,51.94222616927459,2021-04-02,Person,3.0,2021
-123.4044063236463,52.10367265161202,2021-04-06,Person,5.4,2021
-123.10942236364087,51.92385037002827,2021-04-10,Person,2.6,2021
-123.03021428389573,51.93672254963513,2021-04-11,Person,9.9,2021
-123.39578505229865,52.09527915046483,2021-04-11,Person,3.4,2021
-123.39725340260384,52.09866646128051,2021-04-10,Person,5.3,2021
-123.15364269328259,52.002446528244995,2021-04-13,Person,37.9,2021
-123.39705355615578,52.105970262777184,2021-04-15,Person,13.1,2021
-123.22935619441263,52.11621417703883,2021-04-19,Person,3.3,2021
-123.82475056470312,51.48205025937856,2021-04-21,Person,38.4,2021
-123.18906403624781,52.0356421872934,2021-04-24,Person,1.3,2021
-124.9877143251137,51.96663348020423,2021-05-15,Person,11.6,2021
-123.05468146646027,51.75913807678704,2021-05-16,Person,1.5,2021
-124.98904854100782,52.071065607838406,2021-07-01,Person,7195.4,2021
-125.62519608628125,52.50347847215538,2021-07-03,Lightning,1833.2,2021
-125.66349151082211,52.71418634408722,2021-07-08,Lightning,924.4,2021
-123.16879709885782,52.00733382190347,2021-07-31,Person,1.7,2021
-125.62381898424177,52.628230690264445,2021-08-01,Lightning,7.7,2021
-125.54375907102488,52.944917336418605,2021-07-07,Lightning,233.0,2021
-125.54375907102488,52.944917336418605,2021-07-07,Lightning,233.0,2021
-123.95283043449602,53.477249302998636,2021-06-30,Lightning,1474.8,2021
-122.00257967775951,50.94682270830553,2021-06-29,Person,44964.2,2021
-121.20360515108756,53.12210520060181,2021-07-11,Lightning,1885.9,2021
-121.43853432562476,53.25196345344116,2021-07-10,Lightning,4.5,2021
-122.89791250879148,52.724890546961,2021-07-26,Lightning,0.1,2021
-124.72348105094342,53.02691208804186,2021-07-31,Lightning,5.2,2021
-123.85508494897005,53.32855757129295,2021-08-01,Lightning,1.4,2021
-123.5398186859147,53.19088610103978,2021-08-02,Lightning,0.4,2021
-125.23317009142228,52.965756247226096,2021-08-05,Lightning,4.8,2021
-124.85700086182968,52.97024829715201,2021-08-12,Person,0.9,2021
-122.09756022702668,52.26663042976347,2021-04-15,Person,2.7,2021
-122.25045382312413,51.51689534961771,2021-04-22,Person,48.7,2021
-122.25045382312413,51.51689534961771,2021-04-22,Person,48.7,2021
-122.33245484371437,51.46510433703332,2021-06-02,Lightning,12040.0,2021
-122.40556674281531,51.63590355920152,2021-07-09,Lightning,15.7,2021
-122.7372331285523,52.20492260440984,2021-07-10,Lightning,6.6,2021
-121.87618807608848,51.94231885691962,2021-07-10,Lightning,1.7,2021
-121.90323326702844,51.721694024994534,2021-07-10,Lightning,1.8,2021
-120.86729255732008,52.2660895457081,2021-06-27,Person,1833.9,2021
-120.86322883406946,51.58521391908084,2021-06-30,Lightning,652.3,2021
-121.13098180855083,51.826960282785414,2021-06-30,Lightning,18.2,2021
-120.89341732151865,51.692317747993286,2021-06-30,Lightning,19.0,2021
-120.90795030566976,51.68270591765314,2021-07-02,Lightning,55.9,2021
-121.72317587509087,51.24257208552341,2021-07-05,Lightning,1.9,2021
-120.78494891749533,51.708066529683414,2021-07-05,Lightning,330.1,2021
-121.60666015034046,51.48706561056819,2021-07-08,Lightning,73862.5,2021
-121.12154503238062,51.56342908613085,2021-06-30,Lightning,6.8,2021
-120.90938600013509,51.704551312948404,2021-06-30,Lightning,7.2,2021
-120.90537227055195,51.64392501655647,2021-06-30,Lightning,89.0,2021
-120.91685666951992,51.6465983248323,2021-06-30,Lightning,27.8,2021
-120.93089078498133,51.65962087637648,2021-06-30,Lightning,26.3,2021
-120.79937717072386,51.80629210839528,2021-06-30,Lightning,43.5,2021
-121.12039114646606,51.64146438554724,2021-06-30,Lightning,19.5,2021
-120.80454341043351,51.654783590174084,2021-06-30,Lightning,19.8,2021
-120.90763270702462,51.91820985236342,2020-07-01,Lightning,3278.3,2021
-121.09000931190533,51.48640545990952,2021-07-02,Lightning,34.2,2021
-121.06084232057474,52.57023163659623,2021-06-30,Lightning,333.9,2021
-120.89803402261512,52.31605695438265,2021-06-30,Lightning,609.3,2021
-120.94580934836195,52.442508044130555,2021-07-09,Lightning,3.4,2021
-120.40687741930172,52.64857834382086,2021-07-15,Lightning,1517.0,2021
-121.5363232880977,52.13980750567478,2021-08-02,Lightning,2.5,2021
-120.82643431026082,52.54446534937848,2021-08-01,Lightning,25.1,2021
-120.7221509620311,52.495748181896715,2021-08-03,Lightning,2.3,2021
-120.70271813095796,52.47604607464004,2021-08-02,Lightning,255.5,2021
-120.6490665609577,52.90144067324905,2021-08-11,Lightning,57.7,2021
-120.38106586000077,52.865354233131114,2021-08-16,Lightning,1.2,2021
-120.8545033562328,51.862267038356734,2021-04-17,Person,4.2,2021
-121.0976003093275,51.81037804444244,2021-04-23,Person,24.4,2021
-121.78241215686643,51.008138608172786,2021-06-03,Person,1.6,2021
-121.11257004105767,51.47634644455073,2021-06-30,Lightning,16.0,2021
-121.17831310146059,51.55651962231329,2021-06-30,Lightning,6.7,2021
-122.50237697998591,51.950617239800614,2020-04-13,Person,3.8,2020
-121.59081919345078,51.850141656431234,2020-04-13,Person,1.6,2020
-121.17257450958685,51.46864976650166,2021-06-30,Lightning,3.9,2021
-120.86729665001356,51.24575646729801,2021-06-30,Lightning,7453.0,2021
-120.8288681328978,51.75869217964864,2021-06-30,Lightning,3256.5,2021
-121.51894471381387,51.140366970888266,2020-08-01,Lightning,1.2,2020
-123.12204887138256,51.944215246499496,2020-04-06,Person,13.2,2020
-123.15005869335575,51.989902989964534,2020-04-06,Person,1.2,2020
-123.04662465313527,51.93769449026537,2020-04-10,Person,0.3,2020
-123.273395563586,52.081532083908115,2020-04-12,Person,0.8,2020
-123.14641080036256,51.96676036057794,2020-04-18,Person,2.0,2020
-123.05827274746075,53.0301693030301,2021-01-01,Person,12.4,2021
-123.60290408302178,52.961204772908935,2021-06-30,Person,0.3,2021
-124.01989778799957,53.35627631026037,2021-07-01,Lightning,5.1,2021
-123.37956739860182,52.630041091143404,2021-06-29,Lightning,790.3,2021
-124.58196517477478,53.049200033897755,2021-07-01,Lightning,9.7,2021
-123.23065915605372,53.287033049003774,2021-07-01,Lightning,3.7,2021
-124.44463723231547,53.09004203329831,2021-06-30,Lightning,0.2,2021
-124.51693473583474,52.874951631594946,2021-07-02,Lightning,1.3,2021
-123.87821611026926,53.218370922435874,2021-07-05,Lightning,8086.3,2021
-121.47890259943352,52.907115684847454,2021-07-05,Lightning,28.0,2021
-122.57640836174326,52.51636868152972,2021-07-07,Person,3.1,2021
-121.04259825733101,53.05305338342789,2021-07-10,Lightning,914.2,2021
-123.82110461255762,53.46822274218983,2023-07-08,Lightning,2263.9,2023
-123.63709434841005,53.27467251731935,2023-07-09,Lightning,4422.1,2023
-122.30494939439615,52.77437466496512,2023-07-09,Lightning,27.9,2023
-122.07687764841953,52.79867122651058,2023-07-09,Lightning,13.4,2023
-123.6568967636544,53.16191420259449,2023-07-09,Lightning,7864.0,2023
-125.44215532753455,52.906256776381866,2023-07-17,Lightning,341.9,2023
-122.93007052199485,52.90348222648588,2023-07-19,Lightning,1.6,2023
-122.24494248769133,52.60390753132924,2023-07-21,Lightning,251.9,2023
-122.24494248769133,52.60390753132924,2023-07-21,Lightning,251.9,2023
-123.76181414985659,53.41779868537774,2023-07-22,Lightning,0.7,2023
-124.79602177208758,53.02306656071355,2023-09-17,Person,10.4,2023
-122.52139971533882,51.92916790875088,2023-04-23,Person,17.1,2023
-122.6201268169327,51.98264426514166,2023-04-26,Person,105.2,2023
-122.15622499092322,52.00037563201084,2023-04-26,Person,4.9,2023
-122.066617462276,52.24697207547316,2023-04-29,Person,2.1,2023
-122.00952199146677,52.376856215695604,2023-07-08,Lightning,1.0,2023
-122.11376050806507,51.87150493966376,2023-07-09,Lightning,1.1,2023
-122.19566999640162,52.05311992490005,2023-07-11,Lightning,1.3,2023
-122.62092558376784,51.373348164925275,2023-07-19,Lightning,6.0,2023
-122.08860170020603,51.882781370600654,2023-07-30,Lightning,1.5,2023
-122.33673989545366,51.910907409549544,2023-08-01,Lightning,1.5,2023
-121.96408559361328,52.12347010892721,2024-03-26,Person,27.7,2023
-121.06072884137755,52.63023739577022,2023-05-19,Lightning,963.7,2023
-121.64676207282925,52.62262246802059,2023-05-19,Lightning,2.2,2023
-120.46798710992451,52.83789365252365,2023-05-20,Lightning,241.7,2023
-124.13675241113535,53.43856833927894,2023-07-11,Lightning,1144.3,2023
-120.48574707073351,52.6902450663848,2023-06-02,Lightning,25.6,2023
-120.83598850602904,52.25037913845234,2023-06-08,Person,225.4,2023
-121.3642668313767,52.69653620304797,2023-07-05,Lightning,308.0,2023
-120.7439483943899,52.45619082864491,2023-07-08,Lightning,240.1,2023
-120.82848273728939,52.69216142348423,2023-07-09,Lightning,38.6,2023
-120.99721858695283,52.474769189460105,2023-07-10,Lightning,10.9,2023
-120.49024952465703,52.57327470294197,2023-07-14,Lightning,27.3,2023
-121.36955091233783,52.53382036551583,2023-07-19,Lightning,3.1,2023
-120.7637775006206,52.27352417691643,2023-07-19,Lightning,1.3,2023
-120.40988887492556,52.87674889416389,2023-07-25,Lightning,53.0,2023
-120.84683642246107,52.57319873221103,2023-08-06,Lightning,6.4,2023
-121.31346594302259,52.59734135479017,2023-09-13,Lightning,4.0,2023
-121.73085175187235,52.416615138494564,2024-03-24,Person,1.1,2023
-125.5755736337839,52.970517089025094,2023-07-06,Lightning,21926.5,2023
-125.5755736337839,52.970517089025094,2023-07-06,Lightning,21926.5,2023
-121.2265372050474,51.60767438239118,2023-04-17,Person,1.0,2023
-121.5631190825835,51.2230307720327,2023-04-28,Person,11.0,2023
-120.99280359271398,51.37456096428581,2023-04-29,Person,146.9,2023
-121.3807297083193,51.307670064418055,2023-04-30,Person,3.8,2023
-122.00731203775966,51.29009971112226,2023-05-03,Lightning,45.2,2023
-121.93075108016154,51.6357310846264,2023-05-17,Lightning,536.9,2023
-121.315665711321,52.05610990616661,2023-05-18,Lightning,23.7,2023
-121.85602335225448,51.614096720534775,2023-05-19,Lightning,2.0,2023
-121.57189167653827,51.71203875403613,2023-06-29,Lightning,1.7,2023
-121.1814739914544,51.3858235356869,2023-08-18,Person,0.5,2023
-121.33452496502875,52.07488618135578,2023-10-16,Person,1.6,2023
-124.16117153484421,51.52086628405342,2023-04-06,Person,2.1,2023
-123.09774869301904,51.94046983274541,2023-04-08,Person,3.8,2023
-123.18585184555542,52.03624478083696,2023-04-10,Person,10.4,2023
-123.16244867032958,52.00192277573376,2023-04-14,Person,15.2,2023
-123.21122441397002,52.04605027014292,2023-04-15,Person,18.2,2023
-123.23259638457753,51.89438398074077,2023-04-21,Person,47.6,2023
-124.23363611171209,52.10025069571056,2023-04-06,Person,4.8,2023
-123.1659203102862,52.03919775819733,2023-04-27,Person,206.1,2023
-123.12689869187452,51.91926520882647,2023-04-27,Person,1.5,2023
-123.83874368771676,51.48145621374291,2023-04-29,Person,10.1,2023
-124.49638460120718,53.08803468719617,2023-04-28,Person,2.1,2023
-125.28164455586693,52.45773392634082,2023-05-09,Person,0.8,2023
-125.42871482195088,52.44715024433154,2023-05-17,Person,146.0,2023
-121.83731090276693,53.078897823056636,2023-05-18,Lightning,74.3,2023
-121.62123467215295,53.295032536045255,2023-05-17,Lightning,19.0,2023
-123.02546442125835,52.62988032048274,2023-05-20,Lightning,75.0,2023
-123.38771217759498,53.161069330956124,2023-05-20,Lightning,1.2,2023
-123.39518128315203,53.036034373023895,2023-07-07,Lightning,1297.6,2023
-122.91966401396024,52.80937517111243,2023-07-07,Lightning,2784.7,2023
-123.53725998174306,53.188840551013556,2023-07-08,Lightning,11.0,2023
-124.93165158300658,52.60625521743533,2023-06-24,Lightning,3.0,2023
-124.8362578435733,52.40957778216968,2023-06-25,Lightning,3.7,2023
-124.84016132041704,52.41207646210984,2023-07-10,Lightning,4.7,2023
-124.70138414573623,52.5359869223073,2023-07-07,Lightning,6652.0,2023
-125.55831768289625,52.77862374264693,2023-07-11,Lightning,3347.0,2023
-124.42661447372159,51.40823821505566,2023-07-15,Lightning,2.2,2023
-123.5871598412542,52.27102154464292,2023-07-09,Lightning,26.5,2023
-124.00823913458235,52.027693969108235,2023-07-18,Lightning,1.8,2023
-123.46243928154806,52.075546709504714,2023-07-20,Lightning,1306.4,2023
-123.50263553380186,52.124865913331554,2023-07-20,Lightning,10.5,2023
-123.45822705094031,52.19530399068646,2023-07-20,Lightning,1406.5,2023
-124.62512818460455,52.97070988597586,2023-07-08,Lightning,339.3,2023
-124.45606778893846,52.99497711309738,2023-07-08,Lightning,32.0,2023
-124.01720203098785,52.78099168998595,2023-07-07,Lightning,35.8,2023
-124.10137067197252,52.823326922876475,2023-07-07,Lightning,5.0,2023
-125.03352432309616,52.71848207363213,2023-07-09,Lightning,1282.4,2023
-125.03352432309616,52.71848207363213,2023-07-09,Lightning,1282.4,2023
-123.03938606548074,52.31883571170615,2023-07-21,Lightning,2.5,2023
-124.97831314201018,51.63966061016391,2023-08-27,Lightning,16668.1,2023
-123.59252089842651,52.05382808820333,2023-08-28,Person,1298.9,2023
-123.587552659706,51.774147692108585,2023-12-05,Person,28.4,2023
-123.9440103706083,51.48030389249212,2022-05-16,Person,92.2,2022
-123.42322956114509,51.49393230038464,2022-08-19,Lightning,3.8,2022
-125.19741966420182,52.66880375812166,2022-08-19,Lightning,3.0,2022
-124.79743084064445,52.585684761129784,2022-08-26,Lightning,7.5,2022
-123.05589221852172,51.762185314364395,2022-09-02,Person,2.1,2022
-125.58985001956724,52.62367206493775,2022-09-18,Lightning,3.7,2022
-124.74745721718304,51.31859059443159,2022-09-26,Lightning,172.2,2022
-123.1290306985936,52.00052783359773,2022-10-09,Person,2.7,2022
-124.13583650848969,51.97086735638413,2022-10-10,Person,221.5,2022
-123.16080888851829,51.9167919358425,2022-10-11,Person,1.4,2022
-123.16390075073036,51.91805944952074,2022-10-18,Person,2.4,2022
-124.72228337415756,51.81503324714141,2022-10-26,Person,61.3,2022
-122.44151787245596,52.937539685247366,2022-04-06,Person,1.4,2022
-124.34105306833926,52.82691428628649,2022-08-12,Lightning,5.6,2022
-123.9548120889441,53.08476536008744,2022-08-12,Lightning,2.8,2022
-122.12016311789051,52.06322772091549,2022-04-07,Person,1.6,2022
-122.6277731756016,51.983467039364825,2022-04-12,Person,2.1,2022
-122.5058326070592,51.952856852256716,2022-04-17,Person,3.3,2022
-121.85947888926991,51.9968188854681,2022-04-23,Person,3.2,2022
-122.43548789768137,51.95046334641592,2022-04-23,Person,23.0,2022
-122.61918874798806,51.981991720459,2022-04-24,Person,6.6,2022
-122.54230699650242,51.81013085915208,2022-06-06,Lightning,1.8,2022
-122.30831868086625,51.561176520070795,2022-08-01,Lightning,15.0,2022
-122.20426976729526,51.612102533939854,2022-08-17,Lightning,1.9,2022
-122.99791905482273,52.22842709058101,2022-08-22,Lightning,10.9,2022
-122.00436964883423,52.038245290346616,2022-09-13,Person,1.8,2022
-122.62624467643793,51.789270296325014,2022-09-26,Person,2.4,2022
-120.50061786624764,52.427044719269084,2022-08-23,Lightning,77.3,2022
-120.89632213745426,52.66731137422035,2022-08-24,Lightning,1.0,2022
-120.91479375714327,52.674473376533406,2022-08-24,Lightning,1.9,2022
-121.62199146629705,52.09514612928329,2022-10-17,Person,6.2,2022
-121.20695736311504,51.35457415204226,2022-04-17,Person,23.7,2022
-121.33932763543552,51.23645563778244,2022-07-28,Lightning,42.9,2022
-121.32360506156053,51.25364521996227,2022-08-01,Lightning,3.4,2022
-121.85572358216993,51.50389897696937,2022-08-01,Lightning,2.4,2022
-121.74630932781889,51.34772641418406,2022-08-15,Lightning,20.1,2022
-121.92669502728114,51.506524965493476,2022-08-18,Lightning,34.7,2022
-121.97145074993404,51.45063807948016,2022-08-18,Lightning,5.8,2022
-121.75416926348602,51.26277632558266,2022-08-19,Lightning,3.8,2022
-121.89218710624648,51.51911723350756,2022-08-19,Lightning,2.0,2022
-123.08138294114211,51.935214554162265,2022-04-02,Person,10.8,2022
-123.17257887080524,52.04339128982879,2022-04-07,Person,7.5,2022
-123.11027709807989,51.92432387546539,2022-04-09,Person,2.7,2022
-123.68328679217132,52.126159337628785,2022-04-12,Person,1.1,2022
-123.40008461718872,52.13878778940244,2022-04-14,Person,7.0,2022
-123.15904989104214,52.008437941303136,2022-04-15,Person,6.3,2022
-123.96014774737557,52.14321093386466,2022-04-17,Person,0.5,2022
-123.22968476433292,52.11064630458854,2022-04-18,Person,34.2,2022
-124.07714880081336,52.19729090553843,2022-05-01,Person,3.5,2022
-123.13714228311981,52.00326861599115,2022-05-05,Person,6.5,2022
-125.68820970643687,52.30098993637321,2023-07-08,Lightning,4833.5,2023
-120.46846286116073,51.932359577710294,2023-07-28,Lightning,10.3,2023
